aaa87f36b7ec556c2bb28276450ba647,952a63c3c04ff1f1dfaef5275c2d076d,43c8d82d21e76d47d0a40eafe413a6e2,b11c340bacaa7dcfdfec9d56f00fd62f,1c59bd8bac16df4b2a3e78129363d01b,899cff5b6d165bbbd46db51c0186ed33,2f69412091650d9c399b76adc16cfa1d,id name,email anonymized,anonymized group preference
4th,5th,7th,6th,3rd,2nd,1st,50141ece3aae41bc68d8993b81692cbb,1d9eff09e4d1b560c8467538fc077640,['06b43b675a983a61fb8c5df8a6112e49']
1st,3rd,7th,6th,2nd,5th,4th,45330d5ba373e603e5503e56d2489c58,09a5425422227aaccb851607094b1292,['9b58f86366fbf77b95d27371240e1015']
4th,5th,7th,6th,3rd,2nd,1st,6e75924a6bb5266429c4e60ee3ba158c,06b43b675a983a61fb8c5df8a6112e49,['1d9eff09e4d1b560c8467538fc077640']
1st,7th,3rd,7th,2nd,7th,7th,0787594079f10f895b01448d40820ae1,0fc4b6477eec633f4ce8f5020d2752e4,"['9406bb167d5efe3550e4eeabfedf495b', '753184bfd49f4cdf83f45ca2a085d51f']"
3rd,7th,5th,6th,4th,1st,2nd,21309f70bb799cbd07d6ef900a990c36,1eb333c893c50462624c3c77e110337a,[]
2nd,1st,3rd,7th,4th,5th,6th,bfa5cc110c70388b8e9540fdf95d6d3c,c409c9f22f324697b2b01d8452d47587,"['8c1b928d6b1abbe42a55d06ceccf13e4', 'bdf1326f1bcbb05c9a80dd8e78f33c10']"
2nd,1st,3rd,5th,4th,6th,7th,0d8510cf197e9f1ee74010efe957409e,bdf1326f1bcbb05c9a80dd8e78f33c10,"['8c1b928d6b1abbe42a55d06ceccf13e4', 'c409c9f22f324697b2b01d8452d47587']"
2nd,7th,1st,6th,5th,4th,3rd,8b02163f93fe8bc1dcbb80e535f97402,bde83e4bc84c1d84c4d5e72c27657514,['28a141a5a1b7431578dfd61c9ba9b140']
2nd,7th,1st,6th,5th,4th,3rd,70dea49bd17647c591f61cb8fc9f3d21,28a141a5a1b7431578dfd61c9ba9b140,['bde83e4bc84c1d84c4d5e72c27657514']
1st,5th,3rd,7th,4th,6th,2nd,4b145a3f119577efd18f57927287c1b2,753184bfd49f4cdf83f45ca2a085d51f,"['ed8b98d7ade1b986d0179adf846cc7d7', '0fc4b6477eec633f4ce8f5020d2752e4', '9406bb167d5efe3550e4eeabfedf495b']"
1st,7th,4th,6th,2nd,3rd,5th,82df523a572f52d598e39384e4df1252,9b58f86366fbf77b95d27371240e1015,['09a5425422227aaccb851607094b1292']
7th,4th,3rd,6th,5th,2nd,1st,ee7bdbdc95737b995cb9944fef65e5a6,bba072ea758218689068a9f947fb4122,[]
2nd,1st,3rd,5th,4th,6th,7th,609317b1a89feadb4b58f93a9b89e9d0,8c1b928d6b1abbe42a55d06ceccf13e4,"['bdf1326f1bcbb05c9a80dd8e78f33c10', 'c409c9f22f324697b2b01d8452d47587']"
1st,6th,4th,3rd,2nd,5th,7th,e5dcd57e5e85cb501b40f8291e80bb20,0f4774ca1de9a7d34921105347b95bb9,['41a947f542aeedea5277fa986a5f13d2']
1st,5th,6th,7th,4th,3rd,2nd,2a17695defb066c8e2bc8a434dbc8fb8,9406bb167d5efe3550e4eeabfedf495b,"['753184bfd49f4cdf83f45ca2a085d51f', 'ed8b98d7ade1b986d0179adf846cc7d7', '0fc4b6477eec633f4ce8f5020d2752e4']"
7th,5th,4th,3rd,2nd,1st,6th,6a78cc4b791629a6bdf6d038d3d2c684,a055354e23ed9552d005e2150d605f6c,['41c172dfc59764e4ed7eaae6740623f3']
7th,5th,4th,3rd,2nd,1st,6th,0b34a6d6b37af69e4105886aebef5e99,41c172dfc59764e4ed7eaae6740623f3,['a055354e23ed9552d005e2150d605f6c']
5th,4th,1st,3rd,7th,6th,2nd,66102239b3f31ba9c8f16c51d3c8d841,1bdf318771dc7b8da7ea27c4820a61a9,[]
2nd,7th,5th,3rd,4th,1st,6th,e3e76c15bc7b249543dfe6be3343c948,41a947f542aeedea5277fa986a5f13d2,['0f4774ca1de9a7d34921105347b95bb9']
1st,4th,6th,7th,5th,3rd,2nd,3fe459c644c9395715a9665c56a17b2e,ed8b98d7ade1b986d0179adf846cc7d7,"['753184bfd49f4cdf83f45ca2a085d51f', '0fc4b6477eec633f4ce8f5020d2752e4', '9406bb167d5efe3550e4eeabfedf495b']"
1st,5th,7th,2nd,6th,4th,3rd,41c9398f02cdf328a025a3ecedf8cc4a,ce839c0ed5043db3ee998c7208f8870e,[]